1,1,fecha,nombre,especie
1,1,fecha,nombre,especie
1,1,fecha,nombre,especie
1,1,fecha,nombre,especie
1,1,fecha,nombre,especie
1,1,fecha,nombre,especie
1,1,fecha,nombre,especie
1,1,fecha,nombre,especie
1,1,fecha,nombre,especie
1,1,fecha,nombre,especie
1,1,fecha,nombre,especie
1,1,fecha,nombre,especie
1,1,fecha,nombre,especie
1,1,fecha,nombre,especie
1,1,fecha,nombre,especie
1,1,fecha,nombre,especie
1,1,fecha,nombre,especie
1,1,fecha,nombre,especie
1,1,fecha,nombre,especie
1,1,fecha,nombre,especie
1,1,fecha,nombre,especie
1,1,fecha,nombre,especie
1,1,fecha,nombre,especie
1,1,fecha,nombre,especie
1,1,fecha,nombre,especie
1,1,fecha,nombre,especie
1,1,fecha,nombre,especie
1,1,fecha,nombre,especie
1,1,fecha,nombre,especie
1,1,fecha,nombre,especie
1,1,fecha,nombre,especie
1,1,fecha,nombre,especie
1,1,fecha,nombre,especie
1,1,fecha,nombre,especie
1,1,fecha,nombre,especie
1,1,fecha,nombre,especie
1,1,fecha,nombre,especie
1,1,fecha,nombre,especie
1,1,fecha,nombre,especie
1,1,fecha,nombre,especie
1,1,fecha,nombre,especie
1,1,fecha,nombre,especie
1,1,fecha,nombre,especie
1,1,fecha,nombre,especie
1,1,fecha,nombre,especie
1,1,fecha,nombre,especie
1,1,fecha,nombre,especie
1,1,fecha,nombre,especie
50,1,nombre,especie,fecha
51,1,nombre,especie,fecha
52,1,n,e,f
